id,series,bf,green,red,split
Set_1_Cam_AO_PI_19_02_16__1,Set_1_Cam_AO_PI_19_02_16,Set_1_Cam_AO_PI_19_02_16/1.0.jpg,Set_1_Cam_AO_PI_19_02_16/1.1.jpg,Set_1_Cam_AO_PI_19_02_16/1.2.jpg,test
Set_1_Cam_AO_PI_19_02_16__2,Set_1_Cam_AO_PI_19_02_16,Set_1_Cam_AO_PI_19_02_16/2.0.jpg,Set_1_Cam_AO_PI_19_02_16/2.1.jpg,Set_1_Cam_AO_PI_19_02_16/2.2.jpg,test
Set_1_Cam_AO_PI_19_02_16__3,Set_1_Cam_AO_PI_19_02_16,Set_1_Cam_AO_PI_19_02_16/3.0.jpg,Set_1_Cam_AO_PI_19_02_16/3.1.jpg,Set_1_Cam_AO_PI_19_02_16/3.2.jpg,test
Set_1_Cam_AO_PI_19_02_16__4,Set_1_Cam_AO_PI_19_02_16,Set_1_Cam_AO_PI_19_02_16/4.0.jpg,Set_1_Cam_AO_PI_19_02_16/4.1.jpg,Set_1_Cam_AO_PI_19_02_16/4.2.jpg,test
Set_1_Cam_AO_PI_19_02_16__5,Set_1_Cam_AO_PI_19_02_16,Set_1_Cam_AO_PI_19_02_16/5.0.jpg,Set_1_Cam_AO_PI_19_02_16/5.1.jpg,Set_1_Cam_AO_PI_19_02_16/5.2.jpg,test
Set_1_Cam_AO_PI_19_02_16__6,Set_1_Cam_AO_PI_19_02_16,Set_1_Cam_AO_PI_19_02_16/6.0.jpg,Set_1_Cam_AO_PI_19_02_16/6.1.jpg,Set_1_Cam_AO_PI_19_02_16/6.2.jpg,test
Set_1_Cam_AO_PI_19_02_16__7,Set_1_Cam_AO_PI_19_02_16,Set_1_Cam_AO_PI_19_02_16/7.0.jpg,Set_1_Cam_AO_PI_19_02_16/7.1.jpg,Set_1_Cam_AO_PI_19_02_16/7.2.jpg,test
Set_1_Cam_AO_PI_19_02_16__8,Set_1_Cam_AO_PI_19_02_16,Set_1_Cam_AO_PI_19_02_16/8.0.jpg,Set_1_Cam_AO_PI_19_02_16/8.2.jpg,Set_1_Cam_AO_PI_19_02_16/8.1.jpg,test
Set_1_Cam_AO_PI_19_02_16__9,Set_1_Cam_AO_PI_19_02_16,Set_1_Cam_AO_PI_19_02_16/9.0.jpg,Set_1_Cam_AO_PI_19_02_16/9.1.jpg,Set_1_Cam_AO_PI_19_02_16/9.2.jpg,test
Set_1_Cam_AO_PI_19_02_16__10,Set_1_Cam_AO_PI_19_02_16,Set_1_Cam_AO_PI_19_02_16/10.0.jpg,Set_1_Cam_AO_PI_19_02_16/10.1.jpg,Set_1_Cam_AO_PI_19_02_16/10.2.jpg,test
Set_1_Cam_AO_PI_19_02_16__11,Set_1_Cam_AO_PI_19_02_16,Set_1_Cam_AO_PI_19_02_16/11.0.jpg,Set_1_Cam_AO_PI_19_02_16/11.1.jpg,Set_1_Cam_AO_PI_19_02_16/11.2.jpg,test
Set_1_Cam_AO_PI_19_02_16__12,Set_1_Cam_AO_PI_19_02_16,Set_1_Cam_AO_PI_19_02_16/12.0.jpg,Set_1_Cam_AO_PI_19_02_16/12.1.jpg,Set_1_Cam_AO_PI_19_02_16/12.2.jpg,test
Set_1_Cam_AO_PI_19_02_16__13,Set_1_Cam_AO_PI_19_02_16,Set_1_Cam_AO_PI_19_02_16/13.0.jpg,Set_1_Cam_AO_PI_19_02_16/13.1.jpg,Set_1_Cam_AO_PI_19_02_16/13.2.jpg,test
Set_1_Cam_AO_PI_19_02_16__14,Set_1_Cam_AO_PI_19_02_16,Set_1_Cam_AO_PI_19_02_16/14.0.jpg,Set_1_Cam_AO_PI_19_02_16/14.1.jpg,Set_1_Cam_AO_PI_19_02_16/14.2.jpg,test
Set_1_Cam_AO_PI_19_02_16__15,Set_1_Cam_AO_PI_19_02_16,Set_1_Cam_AO_PI_19_02_16/15.0.jpg,Set_1_Cam_AO_PI_19_02_16/15.1.jpg,Set_1_Cam_AO_PI_19_02_16/15.2.jpg,test
Set_1_Cam_AO_PI_19_02_16__16,Set_1_Cam_AO_PI_19_02_16,Set_1_Cam_AO_PI_19_02_16/16.0.jpg,Set_1_Cam_AO_PI_19_02_16/16.1.jpg,Set_1_Cam_AO_PI_19_02_16/16.2.jpg,test
Set_1_Cam_AO_PI_19_02_16__17,Set_1_Cam_AO_PI_19_02_16,Set_1_Cam_AO_PI_19_02_16/17.0.jpg,Set_1_Cam_AO_PI_19_02_16/17.1.jpg,Set_1_Cam_AO_PI_19_02_16/17.2.jpg,test
Set_1_Cam_AO_PI_19_02_16__18,Set_1_Cam_AO_PI_19_02_16,Set_1_Cam_AO_PI_19_02_16/18.0.jpg,Set_1_Cam_AO_PI_19_02_16/18.1.jpg,Set_1_Cam_AO_PI_19_02_16/18.2.jpg,test
Set_1_Cam_AO_PI_19_02_16__19,Set_1_Cam_AO_PI_19_02_16,Set_1_Cam_AO_PI_19_02_16/19.0.jpg,Set_1_Cam_AO_PI_19_02_16/19.2.jpg,Set_1_Cam_AO_PI_19_02_16/19.1.jpg,test
Set_1_Cam_AO_PI_19_02_16__20,Set_1_Cam_AO_PI_19_02_16,Set_1_Cam_AO_PI_19_02_16/20.0.jpg,Set_1_Cam_AO_PI_19_02_16/20.1.jpg,Set_1_Cam_AO_PI_19_02_16/20.2.jpg,test
Set_1_Cam_AO_PI_19_02_16__21,Set_1_Cam_AO_PI_19_02_16,Set_1_Cam_AO_PI_19_02_16/21.0.jpg,Set_1_Cam_AO_PI_19_02_16/21.1.jpg,Set_1_Cam_AO_PI_19_02_16/21.2.jpg,test
Set_1_Cam_AO_PI_19_02_16__22,Set_1_Cam_AO_PI_19_02_16,Set_1_Cam_AO_PI_19_02_16/22.0.jpg,Set_1_Cam_AO_PI_19_02_16/22.1.jpg,Set_1_Cam_AO_PI_19_02_16/22.2.jpg,test
Set_1_Cam_AO_PI_19_02_16__23,Set_1_Cam_AO_PI_19_02_16,Set_1_Cam_AO_PI_19_02_16/23.0.jpg,Set_1_Cam_AO_PI_19_02_16/23.1.jpg,Set_1_Cam_AO_PI_19_02_16/23.2.jpg,test
Set_1_Cam_AO_PI_19_02_16__24,Set_1_Cam_AO_PI_19_02_16,Set_1_Cam_AO_PI_19_02_16/24.0.jpg,Set_1_Cam_AO_PI_19_02_16/24.1.jpg,Set_1_Cam_AO_PI_19_02_16/24.2.jpg,test
Set_1_Cam_AO_PI_19_02_16__25,Set_1_Cam_AO_PI_19_02_16,Set_1_Cam_AO_PI_19_02_16/25.0.jpg,Set_1_Cam_AO_PI_19_02_16/25.1.jpg,Set_1_Cam_AO_PI_19_02_16/25.2.jpg,test
Set_1_Cam_AO_PI_19_02_16__26,Set_1_Cam_AO_PI_19_02_16,Set_1_Cam_AO_PI_19_02_16/26.0.jpg,Set_1_Cam_AO_PI_19_02_16/26.1.jpg,Set_1_Cam_AO_PI_19_02_16/26.2.jpg,test
Set_1_Cam_AO_PI_19_02_16__27,Set_1_Cam_AO_PI_19_02_16,Set_1_Cam_AO_PI_19_02_16/27.0.jpg,Set_1_Cam_AO_PI_19_02_16/27.1.jpg,Set_1_Cam_AO_PI_19_02_16/27.2.jpg,test
Set_1_Cam_AO_PI_19_02_16__28,Set_1_Cam_AO_PI_19_02_16,Set_1_Cam_AO_PI_19_02_16/28.0.jpg,Set_1_Cam_AO_PI_19_02_16/28.1.jpg,Set_1_Cam_AO_PI_19_02_16/28.2.jpg,test
Set_1_Cam_AO_PI_19_02_16__29,Set_1_Cam_AO_PI_19_02_16,Set_1_Cam_AO_PI_19_02_16/29.0.jpg,Set_1_Cam_AO_PI_19_02_16/29.1.jpg,Set_1_Cam_AO_PI_19_02_16/29.2.jpg,test
Set_1_Cam_AO_PI_19_02_16__30,Set_1_Cam_AO_PI_19_02_16,Set_1_Cam_AO_PI_19_02_16/30.0.jpg,Set_1_Cam_AO_PI_19_02_16/30.1.jpg,Set_1_Cam_AO_PI_19_02_16/30.2.jpg,test
Set_1_Cam_AO_PI_19_02_16__31,Set_1_Cam_AO_PI_19_02_16,Set_1_Cam_AO_PI_19_02_16/31.0.jpg,Set_1_Cam_AO_PI_19_02_16/31.2.jpg,Set_1_Cam_AO_PI_19_02_16/31.1.jpg,test
Set_1_Cam_AO_PI_19_02_16__32,Set_1_Cam_AO_PI_19_02_16,Set_1_Cam_AO_PI_19_02_16/32.0.jpg,Set_1_Cam_AO_PI_19_02_16/32.2.jpg,Set_1_Cam_AO_PI_19_02_16/32.1.jpg,test
Set_1_Cam_AO_PI_19_02_16__33,Set_1_Cam_AO_PI_19_02_16,Set_1_Cam_AO_PI_19_02_16/33.0.jpg,Set_1_Cam_AO_PI_19_02_16/33.1.jpg,Set_1_Cam_AO_PI_19_02_16/33.2.jpg,test
Set_1_Cam_AO_PI_19_02_16__34,Set_1_Cam_AO_PI_19_02_16,Set_1_Cam_AO_PI_19_02_16/34.0.jpg,Set_1_Cam_AO_PI_19_02_16/34.1.jpg,Set_1_Cam_AO_PI_19_02_16/34.2.jpg,test
Set_1_Ctrl_AO_PI_19_02_16__1,Set_1_Ctrl_AO_PI_19_02_16,Set_1_Ctrl_AO_PI_19_02_16/1.0.jpg,Set_1_Ctrl_AO_PI_19_02_16/1.1.jpg,Set_1_Ctrl_AO_PI_19_02_16/1.2.jpg,train
Set_1_Ctrl_AO_PI_19_02_16__2,Set_1_Ctrl_AO_PI_19_02_16,Set_1_Ctrl_AO_PI_19_02_16/2.0.jpg,Set_1_Ctrl_AO_PI_19_02_16/2.1.jpg,Set_1_Ctrl_AO_PI_19_02_16/2.2.jpg,train
Set_1_Ctrl_AO_PI_19_02_16__3,Set_1_Ctrl_AO_PI_19_02_16,Set_1_Ctrl_AO_PI_19_02_16/3.0.jpg,Set_1_Ctrl_AO_PI_19_02_16/3.1.jpg,Set_1_Ctrl_AO_PI_19_02_16/3.2.jpg,train
Set_1_Ctrl_AO_PI_19_02_16__4,Set_1_Ctrl_AO_PI_19_02_16,Set_1_Ctrl_AO_PI_19_02_16/4.0.jpg,Set_1_Ctrl_AO_PI_19_02_16/4.1.jpg,Set_1_Ctrl_AO_PI_19_02_16/4.2.jpg,train
Set_1_Ctrl_AO_PI_19_02_16__5,Set_1_Ctrl_AO_PI_19_02_16,Set_1_Ctrl_AO_PI_19_02_16/5.0.jpg,Set_1_Ctrl_AO_PI_19_02_16/5.2.jpg,Set_1_Ctrl_AO_PI_19_02_16/5.1.jpg,train
Set_1_Ctrl_AO_PI_19_02_16__6,Set_1_Ctrl_AO_PI_19_02_16,Set_1_Ctrl_AO_PI_19_02_16/6.0.jpg,Set_1_Ctrl_AO_PI_19_02_16/6.1.jpg,Set_1_Ctrl_AO_PI_19_02_16/6.2.jpg,train
Set_1_Ctrl_AO_PI_19_02_16__7,Set_1_Ctrl_AO_PI_19_02_16,Set_1_Ctrl_AO_PI_19_02_16/7.0.jpg,Set_1_Ctrl_AO_PI_19_02_16/7.1.jpg,Set_1_Ctrl_AO_PI_19_02_16/7.2.jpg,train
Set_1_Ctrl_AO_PI_19_02_16__8,Set_1_Ctrl_AO_PI_19_02_16,Set_1_Ctrl_AO_PI_19_02_16/8.0.jpg,Set_1_Ctrl_AO_PI_19_02_16/8.2.jpg,Set_1_Ctrl_AO_PI_19_02_16/8.1.jpg,train
Set_1_Ctrl_AO_PI_19_02_16__9,Set_1_Ctrl_AO_PI_19_02_16,Set_1_Ctrl_AO_PI_19_02_16/9.0.jpg,Set_1_Ctrl_AO_PI_19_02_16/9.2.jpg,Set_1_Ctrl_AO_PI_19_02_16/9.1.jpg,train
Set_1_Ctrl_AO_PI_19_02_16__10,Set_1_Ctrl_AO_PI_19_02_16,Set_1_Ctrl_AO_PI_19_02_16/10.0.jpg,Set_1_Ctrl_AO_PI_19_02_16/10.1.jpg,Set_1_Ctrl_AO_PI_19_02_16/10.2.jpg,train
Set_1_Ctrl_AO_PI_19_02_16__11,Set_1_Ctrl_AO_PI_19_02_16,Set_1_Ctrl_AO_PI_19_02_16/11.0.jpg,Set_1_Ctrl_AO_PI_19_02_16/11.2.jpg,Set_1_Ctrl_AO_PI_19_02_16/11.1.jpg,train
Set_1_Ctrl_AO_PI_19_02_16__12,Set_1_Ctrl_AO_PI_19_02_16,Set_1_Ctrl_AO_PI_19_02_16/12.0.jpg,Set_1_Ctrl_AO_PI_19_02_16/12.1.jpg,Set_1_Ctrl_AO_PI_19_02_16/12.2.jpg,train
Set_1_Ctrl_AO_PI_19_02_16__16,Set_1_Ctrl_AO_PI_19_02_16,Set_1_Ctrl_AO_PI_19_02_16/16.0.jpg,Set_1_Ctrl_AO_PI_19_02_16/16.2.jpg,Set_1_Ctrl_AO_PI_19_02_16/16.1.jpg,train
Set_1_Ctrl_AO_PI_19_02_16__17,Set_1_Ctrl_AO_PI_19_02_16,Set_1_Ctrl_AO_PI_19_02_16/17.0.jpg,Set_1_Ctrl_AO_PI_19_02_16/17.1.jpg,Set_1_Ctrl_AO_PI_19_02_16/17.2.jpg,train
Set_1_Ctrl_AO_PI_19_02_16__18,Set_1_Ctrl_AO_PI_19_02_16,Set_1_Ctrl_AO_PI_19_02_16/18.0.jpg,Set_1_Ctrl_AO_PI_19_02_16/18.2.jpg,Set_1_Ctrl_AO_PI_19_02_16/18.1.jpg,train
Set_1_Ctrl_AO_PI_19_02_16__20,Set_1_Ctrl_AO_PI_19_02_16,Set_1_Ctrl_AO_PI_19_02_16/20.0.jpg,Set_1_Ctrl_AO_PI_19_02_16/20.1.jpg,Set_1_Ctrl_AO_PI_19_02_16/20.2.jpg,train
Set_1_Ctrl_AO_PI_19_02_16__22,Set_1_Ctrl_AO_PI_19_02_16,Set_1_Ctrl_AO_PI_19_02_16/22.0.jpg,Set_1_Ctrl_AO_PI_19_02_16/22.2.jpg,Set_1_Ctrl_AO_PI_19_02_16/22.1.jpg,train
Set_1_Ctrl_AO_PI_19_02_16__24,Set_1_Ctrl_AO_PI_19_02_16,Set_1_Ctrl_AO_PI_19_02_16/24.0.jpg,Set_1_Ctrl_AO_PI_19_02_16/24.1.jpg,Set_1_Ctrl_AO_PI_19_02_16/24.2.jpg,train
Set_1_Ctrl_AO_PI_19_02_16__25,Set_1_Ctrl_AO_PI_19_02_16,Set_1_Ctrl_AO_PI_19_02_16/25.0.jpg,Set_1_Ctrl_AO_PI_19_02_16/25.1.jpg,Set_1_Ctrl_AO_PI_19_02_16/25.2.jpg,train
Set_1_Ctrl_AO_PI_19_02_16__26,Set_1_Ctrl_AO_PI_19_02_16,Set_1_Ctrl_AO_PI_19_02_16/26.0.jpg,Set_1_Ctrl_AO_PI_19_02_16/26.2.jpg,Set_1_Ctrl_AO_PI_19_02_16/26.1.jpg,train
Set_1_Ctrl_AO_PI_19_02_16__27,Set_1_Ctrl_AO_PI_19_02_16,Set_1_Ctrl_AO_PI_19_02_16/27.0.jpg,Set_1_Ctrl_AO_PI_19_02_16/27.1.jpg,Set_1_Ctrl_AO_PI_19_02_16/27.2.jpg,train
Set_1_Ctrl_AO_PI_19_02_16__28,Set_1_Ctrl_AO_PI_19_02_16,Set_1_Ctrl_AO_PI_19_02_16/28.0.jpg,Set_1_Ctrl_AO_PI_19_02_16/28.1.jpg,Set_1_Ctrl_AO_PI_19_02_16/28.2.jpg,train
Set_1_Ctrl_AO_PI_19_02_16__29,Set_1_Ctrl_AO_PI_19_02_16,Set_1_Ctrl_AO_PI_19_02_16/29.0.jpg,Set_1_Ctrl_AO_PI_19_02_16/29.1.jpg,Set_1_Ctrl_AO_PI_19_02_16/29.2.jpg,train
Set_1_Ctrl_AO_PI_19_02_16__30,Set_1_Ctrl_AO_PI_19_02_16,Set_1_Ctrl_AO_PI_19_02_16/30.0.jpg,Set_1_Ctrl_AO_PI_19_02_16/30.1.jpg,Set_1_Ctrl_AO_PI_19_02_16/30.2.jpg,train
Set_1_Ctrl_AO_PI_19_02_16__31,Set_1_Ctrl_AO_PI_19_02_16,Set_1_Ctrl_AO_PI_19_02_16/31.0.jpg,Set_1_Ctrl_AO_PI_19_02_16/31.1.jpg,Set_1_Ctrl_AO_PI_19_02_16/31.2.jpg,train
Set_1_Ctrl_AO_PI_19_02_16__32,Set_1_Ctrl_AO_PI_19_02_16,Set_1_Ctrl_AO_PI_19_02_16/32.0.jpg,Set_1_Ctrl_AO_PI_19_02_16/32.1.jpg,Set_1_Ctrl_AO_PI_19_02_16/32.2.jpg,train
Set_1_Ctrl_AO_PI_19_02_16__33,Set_1_Ctrl_AO_PI_19_02_16,Set_1_Ctrl_AO_PI_19_02_16/33.0.jpg,Set_1_Ctrl_AO_PI_19_02_16/33.1.jpg,Set_1_Ctrl_AO_PI_19_02_16/33.2.jpg,train
Set_2_Cam_Dio_PI_19_02_16__1,Set_2_Cam_Dio_PI_19_02_16,Set_2_Cam_Dio_PI_19_02_16/1.0.jpg,Set_2_Cam_Dio_PI_19_02_16/1.1.jpg,Set_2_Cam_Dio_PI_19_02_16/1.2.jpg,train
Set_2_Cam_Dio_PI_19_02_16__2,Set_2_Cam_Dio_PI_19_02_16,Set_2_Cam_Dio_PI_19_02_16/2.0.jpg,Set_2_Cam_Dio_PI_19_02_16/2.1.jpg,Set_2_Cam_Dio_PI_19_02_16/2.2.jpg,train
Set_2_Cam_Dio_PI_19_02_16__3,Set_2_Cam_Dio_PI_19_02_16,Set_2_Cam_Dio_PI_19_02_16/3.0.jpg,Set_2_Cam_Dio_PI_19_02_16/3.1.jpg,Set_2_Cam_Dio_PI_19_02_16/3.2.jpg,train
Set_2_Cam_Dio_PI_19_02_16__4,Set_2_Cam_Dio_PI_19_02_16,Set_2_Cam_Dio_PI_19_02_16/4.0.jpg,Set_2_Cam_Dio_PI_19_02_16/4.1.jpg,Set_2_Cam_Dio_PI_19_02_16/4.2.jpg,train
Set_2_Cam_Dio_PI_19_02_16__5,Set_2_Cam_Dio_PI_19_02_16,Set_2_Cam_Dio_PI_19_02_16/5.0.jpg,Set_2_Cam_Dio_PI_19_02_16/5.1.jpg,Set_2_Cam_Dio_PI_19_02_16/5.2.jpg,train
Set_2_Cam_Dio_PI_19_02_16__6,Set_2_Cam_Dio_PI_19_02_16,Set_2_Cam_Dio_PI_19_02_16/6.0.jpg,Set_2_Cam_Dio_PI_19_02_16/6.1.jpg,Set_2_Cam_Dio_PI_19_02_16/6.2.jpg,train
Set_2_Cam_Dio_PI_19_02_16__7,Set_2_Cam_Dio_PI_19_02_16,Set_2_Cam_Dio_PI_19_02_16/7.0.jpg,Set_2_Cam_Dio_PI_19_02_16/7.1.jpg,Set_2_Cam_Dio_PI_19_02_16/7.2.jpg,train
Set_2_Cam_Dio_PI_19_02_16__8,Set_2_Cam_Dio_PI_19_02_16,Set_2_Cam_Dio_PI_19_02_16/8.0.jpg,Set_2_Cam_Dio_PI_19_02_16/8.1.jpg,Set_2_Cam_Dio_PI_19_02_16/8.2.jpg,train
Set_2_Cam_Dio_PI_19_02_16__9,Set_2_Cam_Dio_PI_19_02_16,Set_2_Cam_Dio_PI_19_02_16/9.0.jpg,Set_2_Cam_Dio_PI_19_02_16/9.1.jpg,Set_2_Cam_Dio_PI_19_02_16/9.2.jpg,train
Set_2_Cam_Dio_PI_19_02_16__10,Set_2_Cam_Dio_PI_19_02_16,Set_2_Cam_Dio_PI_19_02_16/10.0.jpg,Set_2_Cam_Dio_PI_19_02_16/10.1.jpg,Set_2_Cam_Dio_PI_19_02_16/10.2.jpg,train
Set_2_Cam_Dio_PI_19_02_16__11,Set_2_Cam_Dio_PI_19_02_16,Set_2_Cam_Dio_PI_19_02_16/11.0.jpg,Set_2_Cam_Dio_PI_19_02_16/11.2.jpg,Set_2_Cam_Dio_PI_19_02_16/11.1.jpg,train
Set_2_Cam_Dio_PI_19_02_16__12,Set_2_Cam_Dio_PI_19_02_16,Set_2_Cam_Dio_PI_19_02_16/12.0.jpg,Set_2_Cam_Dio_PI_19_02_16/12.2.jpg,Set_2_Cam_Dio_PI_19_02_16/12.1.jpg,train
Set_2_Cam_Dio_PI_19_02_16__13,Set_2_Cam_Dio_PI_19_02_16,Set_2_Cam_Dio_PI_19_02_16/13.0.jpg,Set_2_Cam_Dio_PI_19_02_16/13.1.jpg,Set_2_Cam_Dio_PI_19_02_16/13.2.jpg,train
Set_2_Cam_Dio_PI_19_02_16__14,Set_2_Cam_Dio_PI_19_02_16,Set_2_Cam_Dio_PI_19_02_16/14.0.jpg,Set_2_Cam_Dio_PI_19_02_16/14.1.jpg,Set_2_Cam_Dio_PI_19_02_16/14.2.jpg,train
Set_2_Cam_Dio_PI_19_02_16__15,Set_2_Cam_Dio_PI_19_02_16,Set_2_Cam_Dio_PI_19_02_16/15.0.jpg,Set_2_Cam_Dio_PI_19_02_16/15.1.jpg,Set_2_Cam_Dio_PI_19_02_16/15.2.jpg,train
Set_2_Cam_Dio_PI_19_02_16__16,Set_2_Cam_Dio_PI_19_02_16,Set_2_Cam_Dio_PI_19_02_16/16.0.jpg,Set_2_Cam_Dio_PI_19_02_16/16.1.jpg,Set_2_Cam_Dio_PI_19_02_16/16.2.jpg,train
Set_2_Cam_Dio_PI_19_02_16__17,Set_2_Cam_Dio_PI_19_02_16,Set_2_Cam_Dio_PI_19_02_16/17.0.jpg,Set_2_Cam_Dio_PI_19_02_16/17.1.jpg,Set_2_Cam_Dio_PI_19_02_16/17.2.jpg,train
Set_2_Cam_Dio_PI_19_02_16__18,Set_2_Cam_Dio_PI_19_02_16,Set_2_Cam_Dio_PI_19_02_16/18.0.jpg,Set_2_Cam_Dio_PI_19_02_16/18.1.jpg,Set_2_Cam_Dio_PI_19_02_16/18.2.jpg,train
Set_2_Cam_Dio_PI_19_02_16__19,Set_2_Cam_Dio_PI_19_02_16,Set_2_Cam_Dio_PI_19_02_16/19.0.jpg,Set_2_Cam_Dio_PI_19_02_16/19.1.jpg,Set_2_Cam_Dio_PI_19_02_16/19.2.jpg,train
Set_2_Cam_Dio_PI_19_02_16__20,Set_2_Cam_Dio_PI_19_02_16,Set_2_Cam_Dio_PI_19_02_16/20.0.jpg,Set_2_Cam_Dio_PI_19_02_16/20.1.jpg,Set_2_Cam_Dio_PI_19_02_16/20.2.jpg,train
Set_2_Cam_Dio_PI_19_02_16__21,Set_2_Cam_Dio_PI_19_02_16,Set_2_Cam_Dio_PI_19_02_16/21.0.jpg,Set_2_Cam_Dio_PI_19_02_16/21.1.jpg,Set_2_Cam_Dio_PI_19_02_16/21.2.jpg,train
Set_2_Cam_Dio_PI_19_02_16__22,Set_2_Cam_Dio_PI_19_02_16,Set_2_Cam_Dio_PI_19_02_16/22.0.jpg,Set_2_Cam_Dio_PI_19_02_16/22.1.jpg,Set_2_Cam_Dio_PI_19_02_16/22.2.jpg,train
Set_2_Cam_Dio_PI_19_02_16__23,Set_2_Cam_Dio_PI_19_02_16,Set_2_Cam_Dio_PI_19_02_16/23.0.jpg,Set_2_Cam_Dio_PI_19_02_16/23.1.jpg,Set_2_Cam_Dio_PI_19_02_16/23.2.jpg,train
Set_2_Cam_Dio_PI_19_02_16__24,Set_2_Cam_Dio_PI_19_02_16,Set_2_Cam_Dio_PI_19_02_16/24.0.jpg,Set_2_Cam_Dio_PI_19_02_16/24.1.jpg,Set_2_Cam_Dio_PI_19_02_16/24.2.jpg,train
Set_2_Cam_Dio_PI_19_02_16__25,Set_2_Cam_Dio_PI_19_02_16,Set_2_Cam_Dio_PI_19_02_16/25.0.jpg,Set_2_Cam_Dio_PI_19_02_16/25.1.jpg,Set_2_Cam_Dio_PI_19_02_16/25.2.jpg,train
Set_2_Cam_Dio_PI_19_02_16__26,Set_2_Cam_Dio_PI_19_02_16,Set_2_Cam_Dio_PI_19_02_16/26.0.jpg,Set_2_Cam_Dio_PI_19_02_16/26.1.jpg,Set_2_Cam_Dio_PI_19_02_16/26.2.jpg,train
Set_2_Cam_Dio_PI_19_02_16__27,Set_2_Cam_Dio_PI_19_02_16,Set_2_Cam_Dio_PI_19_02_16/27.0.jpg,Set_2_Cam_Dio_PI_19_02_16/27.1.jpg,Set_2_Cam_Dio_PI_19_02_16/27.2.jpg,train
Set_2_Cam_Dio_PI_19_02_16__28,Set_2_Cam_Dio_PI_19_02_16,Set_2_Cam_Dio_PI_19_02_16/28.0.jpg,Set_2_Cam_Dio_PI_19_02_16/28.1.jpg,Set_2_Cam_Dio_PI_19_02_16/28.2.jpg,train
Set_2_Cam_Dio_PI_19_02_16__29,Set_2_Cam_Dio_PI_19_02_16,Set_2_Cam_Dio_PI_19_02_16/29.0.jpg,Set_2_Cam_Dio_PI_19_02_16/29.1.jpg,Set_2_Cam_Dio_PI_19_02_16/29.2.jpg,train
Set_2_Cam_Dio_PI_19_02_16__30,Set_2_Cam_Dio_PI_19_02_16,Set_2_Cam_Dio_PI_19_02_16/30.0.jpg,Set_2_Cam_Dio_PI_19_02_16/30.1.jpg,Set_2_Cam_Dio_PI_19_02_16/30.2.jpg,train
Set_2_Cam_Dio_PI_19_02_16__31,Set_2_Cam_Dio_PI_19_02_16,Set_2_Cam_Dio_PI_19_02_16/31.0.jpg,Set_2_Cam_Dio_PI_19_02_16/31.1.jpg,Set_2_Cam_Dio_PI_19_02_16/31.2.jpg,train
Set_2_Cam_Dio_PI_19_02_16__32,Set_2_Cam_Dio_PI_19_02_16,Set_2_Cam_Dio_PI_19_02_16/32.0.jpg,Set_2_Cam_Dio_PI_19_02_16/32.1.jpg,Set_2_Cam_Dio_PI_19_02_16/32.2.jpg,train
Set_2_Cam_Dio_PI_19_02_16__33,Set_2_Cam_Dio_PI_19_02_16,Set_2_Cam_Dio_PI_19_02_16/33.0.jpg,Set_2_Cam_Dio_PI_19_02_16/33.1.jpg,Set_2_Cam_Dio_PI_19_02_16/33.2.jpg,train
Set_2_Cam_Dio_PI_19_02_16__34,Set_2_Cam_Dio_PI_19_02_16,Set_2_Cam_Dio_PI_19_02_16/34.0.jpg,Set_2_Cam_Dio_PI_19_02_16/34.1.jpg,Set_2_Cam_Dio_PI_19_02_16/34.2.jpg,train
Set_2_Cam_Dio_PI_19_02_16__35,Set_2_Cam_Dio_PI_19_02_16,Set_2_Cam_Dio_PI_19_02_16/35.0.jpg,Set_2_Cam_Dio_PI_19_02_16/35.2.jpg,Set_2_Cam_Dio_PI_19_02_16/35.1.jpg,train
Set_2_Cam_Dio_PI_19_02_16__36,Set_2_Cam_Dio_PI_19_02_16,Set_2_Cam_Dio_PI_19_02_16/36.0.jpg,Set_2_Cam_Dio_PI_19_02_16/36.1.jpg,Set_2_Cam_Dio_PI_19_02_16/36.2.jpg,train
Set_2_Cam_Dio_PI_19_02_16__37,Set_2_Cam_Dio_PI_19_02_16,Set_2_Cam_Dio_PI_19_02_16/37.0.jpg,Set_2_Cam_Dio_PI_19_02_16/37.1.jpg,Set_2_Cam_Dio_PI_19_02_16/37.2.jpg,train
Set_2_Cam_Dio_PI_19_02_16__38,Set_2_Cam_Dio_PI_19_02_16,Set_2_Cam_Dio_PI_19_02_16/38.0.jpg,Set_2_Cam_Dio_PI_19_02_16/38.1.jpg,Set_2_Cam_Dio_PI_19_02_16/38.2.jpg,train
Set_2_Cam_Dio_PI_19_02_16__39,Set_2_Cam_Dio_PI_19_02_16,Set_2_Cam_Dio_PI_19_02_16/39.0.jpg,Set_2_Cam_Dio_PI_19_02_16/39.1.jpg,Set_2_Cam_Dio_PI_19_02_16/39.2.jpg,train
Set_2_Cam_Dio_PI_19_02_16__40,Set_2_Cam_Dio_PI_19_02_16,Set_2_Cam_Dio_PI_19_02_16/40.0.jpg,Set_2_Cam_Dio_PI_19_02_16/40.1.jpg,Set_2_Cam_Dio_PI_19_02_16/40.2.jpg,train
Set_2_Cam_Dio_PI_19_02_16__41,Set_2_Cam_Dio_PI_19_02_16,Set_2_Cam_Dio_PI_19_02_16/41.0.jpg,Set_2_Cam_Dio_PI_19_02_16/41.1.jpg,Set_2_Cam_Dio_PI_19_02_16/41.2.jpg,train
Set_2_Ctrl_Dio_PI_19_02_16__1,Set_2_Ctrl_Dio_PI_19_02_16,Set_2_Ctrl_Dio_PI_19_02_16/1.0.jpg,Set_2_Ctrl_Dio_PI_19_02_16/1.1.jpg,Set_2_Ctrl_Dio_PI_19_02_16/1.2.jpg,train
Set_2_Ctrl_Dio_PI_19_02_16__2,Set_2_Ctrl_Dio_PI_19_02_16,Set_2_Ctrl_Dio_PI_19_02_16/2.0.jpg,Set_2_Ctrl_Dio_PI_19_02_16/2.1.jpg,Set_2_Ctrl_Dio_PI_19_02_16/2.2.jpg,train
Set_2_Ctrl_Dio_PI_19_02_16__3,Set_2_Ctrl_Dio_PI_19_02_16,Set_2_Ctrl_Dio_PI_19_02_16/3.0.jpg,Set_2_Ctrl_Dio_PI_19_02_16/3.1.jpg,Set_2_Ctrl_Dio_PI_19_02_16/3.2.jpg,train
Set_2_Ctrl_Dio_PI_19_02_16__4,Set_2_Ctrl_Dio_PI_19_02_16,Set_2_Ctrl_Dio_PI_19_02_16/4.0.jpg,Set_2_Ctrl_Dio_PI_19_02_16/4.1.jpg,Set_2_Ctrl_Dio_PI_19_02_16/4.2.jpg,train
Set_2_Ctrl_Dio_PI_19_02_16__5,Set_2_Ctrl_Dio_PI_19_02_16,Set_2_Ctrl_Dio_PI_19_02_16/5.0.jpg,Set_2_Ctrl_Dio_PI_19_02_16/5.1.jpg,Set_2_Ctrl_Dio_PI_19_02_16/5.2.jpg,train
Set_2_Ctrl_Dio_PI_19_02_16__6,Set_2_Ctrl_Dio_PI_19_02_16,Set_2_Ctrl_Dio_PI_19_02_16/6.0.jpg,Set_2_Ctrl_Dio_PI_19_02_16/6.1.jpg,Set_2_Ctrl_Dio_PI_19_02_16/6.2.jpg,train
Set_2_Ctrl_Dio_PI_19_02_16__7,Set_2_Ctrl_Dio_PI_19_02_16,Set_2_Ctrl_Dio_PI_19_02_16/7.0.jpg,Set_2_Ctrl_Dio_PI_19_02_16/7.1.jpg,Set_2_Ctrl_Dio_PI_19_02_16/7.2.jpg,train
Set_2_Ctrl_Dio_PI_19_02_16__8,Set_2_Ctrl_Dio_PI_19_02_16,Set_2_Ctrl_Dio_PI_19_02_16/8.0.jpg,Set_2_Ctrl_Dio_PI_19_02_16/8.1.jpg,Set_2_Ctrl_Dio_PI_19_02_16/8.2.jpg,train
Set_2_Ctrl_Dio_PI_19_02_16__9,Set_2_Ctrl_Dio_PI_19_02_16,Set_2_Ctrl_Dio_PI_19_02_16/9.0.jpg,Set_2_Ctrl_Dio_PI_19_02_16/9.1.jpg,Set_2_Ctrl_Dio_PI_19_02_16/9.2.jpg,train
Set_2_Ctrl_Dio_PI_19_02_16__10,Set_2_Ctrl_Dio_PI_19_02_16,Set_2_Ctrl_Dio_PI_19_02_16/10.0.jpg,Set_2_Ctrl_Dio_PI_19_02_16/10.1.jpg,Set_2_Ctrl_Dio_PI_19_02_16/10.2.jpg,train
Set_2_Ctrl_Dio_PI_19_02_16__11,Set_2_Ctrl_Dio_PI_19_02_16,Set_2_Ctrl_Dio_PI_19_02_16/11.0.jpg,Set_2_Ctrl_Dio_PI_19_02_16/11.1.jpg,Set_2_Ctrl_Dio_PI_19_02_16/11.2.jpg,train
Set_2_Ctrl_Dio_PI_19_02_16__12,Set_2_Ctrl_Dio_PI_19_02_16,Set_2_Ctrl_Dio_PI_19_02_16/12.0.jpg,Set_2_Ctrl_Dio_PI_19_02_16/12.1.jpg,Set_2_Ctrl_Dio_PI_19_02_16/12.2.jpg,train
Set_2_Ctrl_Dio_PI_19_02_16__13,Set_2_Ctrl_Dio_PI_19_02_16,Set_2_Ctrl_Dio_PI_19_02_16/13.0.jpg,Set_2_Ctrl_Dio_PI_19_02_16/13.1.jpg,Set_2_Ctrl_Dio_PI_19_02_16/13.2.jpg,train
Set_2_Ctrl_Dio_PI_19_02_16__14,Set_2_Ctrl_Dio_PI_19_02_16,Set_2_Ctrl_Dio_PI_19_02_16/14.0.jpg,Set_2_Ctrl_Dio_PI_19_02_16/14.1.jpg,Set_2_Ctrl_Dio_PI_19_02_16/14.2.jpg,train
Set_2_Ctrl_Dio_PI_19_02_16__15,Set_2_Ctrl_Dio_PI_19_02_16,Set_2_Ctrl_Dio_PI_19_02_16/15.0.jpg,Set_2_Ctrl_Dio_PI_19_02_16/15.1.jpg,Set_2_Ctrl_Dio_PI_19_02_16/15.2.jpg,train
Set_2_Ctrl_Dio_PI_19_02_16__16,Set_2_Ctrl_Dio_PI_19_02_16,Set_2_Ctrl_Dio_PI_19_02_16/16.0.jpg,Set_2_Ctrl_Dio_PI_19_02_16/16.1.jpg,Set_2_Ctrl_Dio_PI_19_02_16/16.2.jpg,train
Set_2_Ctrl_Dio_PI_19_02_16__17,Set_2_Ctrl_Dio_PI_19_02_16,Set_2_Ctrl_Dio_PI_19_02_16/17.0.jpg,Set_2_Ctrl_Dio_PI_19_02_16/17.1.jpg,Set_2_Ctrl_Dio_PI_19_02_16/17.2.jpg,train
Set_2_Ctrl_Dio_PI_19_02_16__18,Set_2_Ctrl_Dio_PI_19_02_16,Set_2_Ctrl_Dio_PI_19_02_16/18.0.jpg,Set_2_Ctrl_Dio_PI_19_02_16/18.1.jpg,Set_2_Ctrl_Dio_PI_19_02_16/18.2.jpg,train
Set_2_Ctrl_Dio_PI_19_02_16__19,Set_2_Ctrl_Dio_PI_19_02_16,Set_2_Ctrl_Dio_PI_19_02_16/19.0.jpg,Set_2_Ctrl_Dio_PI_19_02_16/19.1.jpg,Set_2_Ctrl_Dio_PI_19_02_16/19.2.jpg,train
Set_2_Ctrl_Dio_PI_19_02_16__20,Set_2_Ctrl_Dio_PI_19_02_16,Set_2_Ctrl_Dio_PI_19_02_16/20.0.jpg,Set_2_Ctrl_Dio_PI_19_02_16/20.1.jpg,Set_2_Ctrl_Dio_PI_19_02_16/20.2.jpg,train
Set_2_Ctrl_Dio_PI_19_02_16__21,Set_2_Ctrl_Dio_PI_19_02_16,Set_2_Ctrl_Dio_PI_19_02_16/21.0.jpg,Set_2_Ctrl_Dio_PI_19_02_16/21.1.jpg,Set_2_Ctrl_Dio_PI_19_02_16/21.2.jpg,train
Set_2_Ctrl_Dio_PI_19_02_16__22,Set_2_Ctrl_Dio_PI_19_02_16,Set_2_Ctrl_Dio_PI_19_02_16/22.0.jpg,Set_2_Ctrl_Dio_PI_19_02_16/22.1.jpg,Set_2_Ctrl_Dio_PI_19_02_16/22.2.jpg,train
Set_2_Ctrl_Dio_PI_19_02_16__23,Set_2_Ctrl_Dio_PI_19_02_16,Set_2_Ctrl_Dio_PI_19_02_16/23.0.jpg,Set_2_Ctrl_Dio_PI_19_02_16/23.1.jpg,Set_2_Ctrl_Dio_PI_19_02_16/23.2.jpg,train
Set_2_Ctrl_Dio_PI_19_02_16__24,Set_2_Ctrl_Dio_PI_19_02_16,Set_2_Ctrl_Dio_PI_19_02_16/24.0.jpg,Set_2_Ctrl_Dio_PI_19_02_16/24.1.jpg,Set_2_Ctrl_Dio_PI_19_02_16/24.2.jpg,train
Set_2_Ctrl_Dio_PI_19_02_16__25,Set_2_Ctrl_Dio_PI_19_02_16,Set_2_Ctrl_Dio_PI_19_02_16/25.0.jpg,Set_2_Ctrl_Dio_PI_19_02_16/25.2.jpg,Set_2_Ctrl_Dio_PI_19_02_16/25.1.jpg,train
Set_2_Ctrl_Dio_PI_19_02_16__26,Set_2_Ctrl_Dio_PI_19_02_16,Set_2_Ctrl_Dio_PI_19_02_16/26.0.jpg,Set_2_Ctrl_Dio_PI_19_02_16/26.1.jpg,Set_2_Ctrl_Dio_PI_19_02_16/26.2.jpg,train
Set_2_Ctrl_Dio_PI_19_02_16__27,Set_2_Ctrl_Dio_PI_19_02_16,Set_2_Ctrl_Dio_PI_19_02_16/27.0.jpg,Set_2_Ctrl_Dio_PI_19_02_16/27.1.jpg,Set_2_Ctrl_Dio_PI_19_02_16/27.2.jpg,train
Set_2_Ctrl_Dio_PI_19_02_16__28,Set_2_Ctrl_Dio_PI_19_02_16,Set_2_Ctrl_Dio_PI_19_02_16/28.0.jpg,Set_2_Ctrl_Dio_PI_19_02_16/28.1.jpg,Set_2_Ctrl_Dio_PI_19_02_16/28.2.jpg,train
Set_2_Ctrl_Dio_PI_19_02_16__29,Set_2_Ctrl_Dio_PI_19_02_16,Set_2_Ctrl_Dio_PI_19_02_16/29.0.jpg,Set_2_Ctrl_Dio_PI_19_02_16/29.1.jpg,Set_2_Ctrl_Dio_PI_19_02_16/29.2.jpg,train
Set_2_Ctrl_Dio_PI_19_02_16__30,Set_2_Ctrl_Dio_PI_19_02_16,Set_2_Ctrl_Dio_PI_19_02_16/30.0.jpg,Set_2_Ctrl_Dio_PI_19_02_16/30.2.jpg,Set_2_Ctrl_Dio_PI_19_02_16/30.1.jpg,train
Set_2_Ctrl_Dio_PI_19_02_16__31,Set_2_Ctrl_Dio_PI_19_02_16,Set_2_Ctrl_Dio_PI_19_02_16/31.0.jpg,Set_2_Ctrl_Dio_PI_19_02_16/31.1.jpg,Set_2_Ctrl_Dio_PI_19_02_16/31.2.jpg,train
Set_2_Ctrl_Dio_PI_19_02_16__32,Set_2_Ctrl_Dio_PI_19_02_16,Set_2_Ctrl_Dio_PI_19_02_16/32.0.jpg,Set_2_Ctrl_Dio_PI_19_02_16/32.1.jpg,Set_2_Ctrl_Dio_PI_19_02_16/32.2.jpg,train
Set_2_Ctrl_Dio_PI_19_02_16__33,Set_2_Ctrl_Dio_PI_19_02_16,Set_2_Ctrl_Dio_PI_19_02_16/33.0.jpg,Set_2_Ctrl_Dio_PI_19_02_16/33.1.jpg,Set_2_Ctrl_Dio_PI_19_02_16/33.2.jpg,train
Set_2_Ctrl_Dio_PI_19_02_16__34,Set_2_Ctrl_Dio_PI_19_02_16,Set_2_Ctrl_Dio_PI_19_02_16/34.0.jpg,Set_2_Ctrl_Dio_PI_19_02_16/34.1.jpg,Set_2_Ctrl_Dio_PI_19_02_16/34.2.jpg,train
Set_2_Ctrl_Dio_PI_19_02_16__35,Set_2_Ctrl_Dio_PI_19_02_16,Set_2_Ctrl_Dio_PI_19_02_16/35.0.jpg,Set_2_Ctrl_Dio_PI_19_02_16/35.1.jpg,Set_2_Ctrl_Dio_PI_19_02_16/35.2.jpg,train
Set_2_Ctrl_Dio_PI_19_02_16__36,Set_2_Ctrl_Dio_PI_19_02_16,Set_2_Ctrl_Dio_PI_19_02_16/36.0.jpg,Set_2_Ctrl_Dio_PI_19_02_16/36.1.jpg,Set_2_Ctrl_Dio_PI_19_02_16/36.2.jpg,train
Set_2_Ctrl_Dio_PI_19_02_16__37,Set_2_Ctrl_Dio_PI_19_02_16,Set_2_Ctrl_Dio_PI_19_02_16/37.0.jpg,Set_2_Ctrl_Dio_PI_19_02_16/37.1.jpg,Set_2_Ctrl_Dio_PI_19_02_16/37.2.jpg,train
Set_2_Ctrl_Dio_PI_19_02_16__38,Set_2_Ctrl_Dio_PI_19_02_16,Set_2_Ctrl_Dio_PI_19_02_16/38.0.jpg,Set_2_Ctrl_Dio_PI_19_02_16/38.2.jpg,Set_2_Ctrl_Dio_PI_19_02_16/38.1.jpg,train
Set_2_Ctrl_Dio_PI_19_02_16__39,Set_2_Ctrl_Dio_PI_19_02_16,Set_2_Ctrl_Dio_PI_19_02_16/39.0.jpg,Set_2_Ctrl_Dio_PI_19_02_16/39.1.jpg,Set_2_Ctrl_Dio_PI_19_02_16/39.2.jpg,train
Set_3_Cam_AO_PI_19_11_15__1,Set_3_Cam_AO_PI_19_11_15,Set_3_Cam_AO_PI_19_11_15/1.0.jpg,Set_3_Cam_AO_PI_19_11_15/1.1.jpg,Set_3_Cam_AO_PI_19_11_15/1.2.jpg,train
Set_3_Cam_AO_PI_19_11_15__2,Set_3_Cam_AO_PI_19_11_15,Set_3_Cam_AO_PI_19_11_15/2.0.jpg,Set_3_Cam_AO_PI_19_11_15/2.2.jpg,Set_3_Cam_AO_PI_19_11_15/2.1.jpg,train
Set_3_Cam_AO_PI_19_11_15__3,Set_3_Cam_AO_PI_19_11_15,Set_3_Cam_AO_PI_19_11_15/3.0.jpg,Set_3_Cam_AO_PI_19_11_15/3.1.jpg,Set_3_Cam_AO_PI_19_11_15/3.2.jpg,train
Set_3_Cam_AO_PI_19_11_15__4,Set_3_Cam_AO_PI_19_11_15,Set_3_Cam_AO_PI_19_11_15/4.0.jpg,Set_3_Cam_AO_PI_19_11_15/4.2.jpg,Set_3_Cam_AO_PI_19_11_15/4.1.jpg,train
Set_3_Cam_AO_PI_19_11_15__5,Set_3_Cam_AO_PI_19_11_15,Set_3_Cam_AO_PI_19_11_15/5.0.jpg,Set_3_Cam_AO_PI_19_11_15/5.1.jpg,Set_3_Cam_AO_PI_19_11_15/5.2.jpg,train
Set_3_Cam_AO_PI_19_11_15__6,Set_3_Cam_AO_PI_19_11_15,Set_3_Cam_AO_PI_19_11_15/6.0.jpg,Set_3_Cam_AO_PI_19_11_15/6.1.jpg,Set_3_Cam_AO_PI_19_11_15/6.2.jpg,train
Set_3_Cam_AO_PI_19_11_15__7,Set_3_Cam_AO_PI_19_11_15,Set_3_Cam_AO_PI_19_11_15/7.0.jpg,Set_3_Cam_AO_PI_19_11_15/7.1.jpg,Set_3_Cam_AO_PI_19_11_15/7.2.jpg,train
Set_3_Cam_AO_PI_19_11_15__8,Set_3_Cam_AO_PI_19_11_15,Set_3_Cam_AO_PI_19_11_15/8.0.jpg,Set_3_Cam_AO_PI_19_11_15/8.2.jpg,Set_3_Cam_AO_PI_19_11_15/8.1.jpg,train
Set_3_Cam_AO_PI_19_11_15__9,Set_3_Cam_AO_PI_19_11_15,Set_3_Cam_AO_PI_19_11_15/9.0.jpg,Set_3_Cam_AO_PI_19_11_15/9.1.jpg,Set_3_Cam_AO_PI_19_11_15/9.2.jpg,train
Set_3_Cam_AO_PI_19_11_15__10,Set_3_Cam_AO_PI_19_11_15,Set_3_Cam_AO_PI_19_11_15/10.0.jpg,Set_3_Cam_AO_PI_19_11_15/10.1.jpg,Set_3_Cam_AO_PI_19_11_15/10.2.jpg,train
Set_3_Cam_AO_PI_19_11_15__11,Set_3_Cam_AO_PI_19_11_15,Set_3_Cam_AO_PI_19_11_15/11.0.jpg,Set_3_Cam_AO_PI_19_11_15/11.1.jpg,Set_3_Cam_AO_PI_19_11_15/11.2.jpg,train
Set_3_Cam_AO_PI_19_11_15__12,Set_3_Cam_AO_PI_19_11_15,Set_3_Cam_AO_PI_19_11_15/12.0.jpg,Set_3_Cam_AO_PI_19_11_15/12.1.jpg,Set_3_Cam_AO_PI_19_11_15/12.2.jpg,train
Set_3_Cam_AO_PI_19_11_15__13,Set_3_Cam_AO_PI_19_11_15,Set_3_Cam_AO_PI_19_11_15/13.0.jpg,Set_3_Cam_AO_PI_19_11_15/13.1.jpg,Set_3_Cam_AO_PI_19_11_15/13.2.jpg,train
Set_3_Cam_AO_PI_19_11_15__14,Set_3_Cam_AO_PI_19_11_15,Set_3_Cam_AO_PI_19_11_15/14.0.jpg,Set_3_Cam_AO_PI_19_11_15/14.2.jpg,Set_3_Cam_AO_PI_19_11_15/14.1.jpg,train
Set_3_Cam_AO_PI_19_11_15__15,Set_3_Cam_AO_PI_19_11_15,Set_3_Cam_AO_PI_19_11_15/15.0.jpg,Set_3_Cam_AO_PI_19_11_15/15.1.jpg,Set_3_Cam_AO_PI_19_11_15/15.2.jpg,train
Set_3_Cam_AO_PI_19_11_15__16,Set_3_Cam_AO_PI_19_11_15,Set_3_Cam_AO_PI_19_11_15/16.0.jpg,Set_3_Cam_AO_PI_19_11_15/16.1.jpg,Set_3_Cam_AO_PI_19_11_15/16.2.jpg,train
Set_3_Cam_AO_PI_19_11_15__17,Set_3_Cam_AO_PI_19_11_15,Set_3_Cam_AO_PI_19_11_15/17.0.jpg,Set_3_Cam_AO_PI_19_11_15/17.1.jpg,Set_3_Cam_AO_PI_19_11_15/17.2.jpg,train
Set_3_Cam_AO_PI_19_11_15__18,Set_3_Cam_AO_PI_19_11_15,Set_3_Cam_AO_PI_19_11_15/18.0.jpg,Set_3_Cam_AO_PI_19_11_15/18.2.jpg,Set_3_Cam_AO_PI_19_11_15/18.1.jpg,train
Set_3_Cam_AO_PI_19_11_15__19,Set_3_Cam_AO_PI_19_11_15,Set_3_Cam_AO_PI_19_11_15/19.0.jpg,Set_3_Cam_AO_PI_19_11_15/19.1.jpg,Set_3_Cam_AO_PI_19_11_15/19.2.jpg,train
Set_3_Cam_AO_PI_19_11_15__20,Set_3_Cam_AO_PI_19_11_15,Set_3_Cam_AO_PI_19_11_15/20.0.jpg,Set_3_Cam_AO_PI_19_11_15/20.1.jpg,Set_3_Cam_AO_PI_19_11_15/20.2.jpg,train
Set_3_Cam_AO_PI_19_11_15__21,Set_3_Cam_AO_PI_19_11_15,Set_3_Cam_AO_PI_19_11_15/21.0.jpg,Set_3_Cam_AO_PI_19_11_15/21.2.jpg,Set_3_Cam_AO_PI_19_11_15/21.1.jpg,train
Set_3_Cam_AO_PI_19_11_15__22,Set_3_Cam_AO_PI_19_11_15,Set_3_Cam_AO_PI_19_11_15/22.0.jpg,Set_3_Cam_AO_PI_19_11_15/22.2.jpg,Set_3_Cam_AO_PI_19_11_15/22.1.jpg,train
Set_3_Cam_AO_PI_19_11_15__23,Set_3_Cam_AO_PI_19_11_15,Set_3_Cam_AO_PI_19_11_15/23.0.jpg,Set_3_Cam_AO_PI_19_11_15/23.2.jpg,Set_3_Cam_AO_PI_19_11_15/23.1.jpg,train
Set_3_Cam_AO_PI_19_11_15__24,Set_3_Cam_AO_PI_19_11_15,Set_3_Cam_AO_PI_19_11_15/24.0.jpg,Set_3_Cam_AO_PI_19_11_15/24.2.jpg,Set_3_Cam_AO_PI_19_11_15/24.1.jpg,train
Set_3_Cam_AO_PI_19_11_15__25,Set_3_Cam_AO_PI_19_11_15,Set_3_Cam_AO_PI_19_11_15/25.0.jpg,Set_3_Cam_AO_PI_19_11_15/25.2.jpg,Set_3_Cam_AO_PI_19_11_15/25.1.jpg,train
Set_3_Cam_AO_PI_19_11_15__26,Set_3_Cam_AO_PI_19_11_15,Set_3_Cam_AO_PI_19_11_15/26.0.jpg,Set_3_Cam_AO_PI_19_11_15/26.2.jpg,Set_3_Cam_AO_PI_19_11_15/26.1.jpg,train
Set_3_Cam_AO_PI_19_11_15__27,Set_3_Cam_AO_PI_19_11_15,Set_3_Cam_AO_PI_19_11_15/27.0.jpg,Set_3_Cam_AO_PI_19_11_15/27.2.jpg,Set_3_Cam_AO_PI_19_11_15/27.1.jpg,train
Set_3_Cam_AO_PI_19_11_15__28,Set_3_Cam_AO_PI_19_11_15,Set_3_Cam_AO_PI_19_11_15/28.0.jpg,Set_3_Cam_AO_PI_19_11_15/28.2.jpg,Set_3_Cam_AO_PI_19_11_15/28.1.jpg,train
Set_3_Cam_AO_PI_19_11_15__29,Set_3_Cam_AO_PI_19_11_15,Set_3_Cam_AO_PI_19_11_15/29.0.jpg,Set_3_Cam_AO_PI_19_11_15/29.2.jpg,Set_3_Cam_AO_PI_19_11_15/29.1.jpg,train
Set_3_Cam_AO_PI_19_11_15__30,Set_3_Cam_AO_PI_19_11_15,Set_3_Cam_AO_PI_19_11_15/30.0.jpg,Set_3_Cam_AO_PI_19_11_15/30.2.jpg,Set_3_Cam_AO_PI_19_11_15/30.1.jpg,train
Set_3_Cam_AO_PI_19_11_15__31,Set_3_Cam_AO_PI_19_11_15,Set_3_Cam_AO_PI_19_11_15/31.0.jpg,Set_3_Cam_AO_PI_19_11_15/31.2.jpg,Set_3_Cam_AO_PI_19_11_15/31.1.jpg,train
Set_3_Ctrl_AO_PI_19_11_15__11,Set_3_Ctrl_AO_PI_19_11_15,Set_3_Ctrl_AO_PI_19_11_15/11.0.jpg,Set_3_Ctrl_AO_PI_19_11_15/11.2.jpg,Set_3_Ctrl_AO_PI_19_11_15/11.1.jpg,val
Set_3_Ctrl_AO_PI_19_11_15__12,Set_3_Ctrl_AO_PI_19_11_15,Set_3_Ctrl_AO_PI_19_11_15/12.0.jpg,Set_3_Ctrl_AO_PI_19_11_15/12.2.jpg,Set_3_Ctrl_AO_PI_19_11_15/12.1.jpg,val
Set_3_Ctrl_AO_PI_19_11_15__13,Set_3_Ctrl_AO_PI_19_11_15,Set_3_Ctrl_AO_PI_19_11_15/13.0.jpg,Set_3_Ctrl_AO_PI_19_11_15/13.1.jpg,Set_3_Ctrl_AO_PI_19_11_15/13.2.jpg,val
Set_3_Ctrl_AO_PI_19_11_15__14,Set_3_Ctrl_AO_PI_19_11_15,Set_3_Ctrl_AO_PI_19_11_15/14.0.jpg,Set_3_Ctrl_AO_PI_19_11_15/14.1.jpg,Set_3_Ctrl_AO_PI_19_11_15/14.2.jpg,val
Set_3_Ctrl_AO_PI_19_11_15__15,Set_3_Ctrl_AO_PI_19_11_15,Set_3_Ctrl_AO_PI_19_11_15/15.0.jpg,Set_3_Ctrl_AO_PI_19_11_15/15.2.jpg,Set_3_Ctrl_AO_PI_19_11_15/15.1.jpg,val
Set_3_Ctrl_AO_PI_19_11_15__16,Set_3_Ctrl_AO_PI_19_11_15,Set_3_Ctrl_AO_PI_19_11_15/16.0.jpg,Set_3_Ctrl_AO_PI_19_11_15/16.2.jpg,Set_3_Ctrl_AO_PI_19_11_15/16.1.jpg,val
Set_3_Ctrl_AO_PI_19_11_15__17,Set_3_Ctrl_AO_PI_19_11_15,Set_3_Ctrl_AO_PI_19_11_15/17.0.jpg,Set_3_Ctrl_AO_PI_19_11_15/17.2.jpg,Set_3_Ctrl_AO_PI_19_11_15/17.1.jpg,val
Set_3_Ctrl_AO_PI_19_11_15__18,Set_3_Ctrl_AO_PI_19_11_15,Set_3_Ctrl_AO_PI_19_11_15/18.0.jpg,Set_3_Ctrl_AO_PI_19_11_15/18.2.jpg,Set_3_Ctrl_AO_PI_19_11_15/18.1.jpg,val
Set_3_Ctrl_AO_PI_19_11_15__19,Set_3_Ctrl_AO_PI_19_11_15,Set_3_Ctrl_AO_PI_19_11_15/19.0.jpg,Set_3_Ctrl_AO_PI_19_11_15/19.2.jpg,Set_3_Ctrl_AO_PI_19_11_15/19.1.jpg,val
Set_3_Ctrl_AO_PI_19_11_15__20,Set_3_Ctrl_AO_PI_19_11_15,Set_3_Ctrl_AO_PI_19_11_15/20.0.jpg,Set_3_Ctrl_AO_PI_19_11_15/20.2.jpg,Set_3_Ctrl_AO_PI_19_11_15/20.1.jpg,val
Set_3_Ctrl_AO_PI_19_11_15__21,Set_3_Ctrl_AO_PI_19_11_15,Set_3_Ctrl_AO_PI_19_11_15/21.0.jpg,Set_3_Ctrl_AO_PI_19_11_15/21.2.jpg,Set_3_Ctrl_AO_PI_19_11_15/21.1.jpg,val
Set_3_Ctrl_AO_PI_19_11_15__22,Set_3_Ctrl_AO_PI_19_11_15,Set_3_Ctrl_AO_PI_19_11_15/22.0.jpg,Set_3_Ctrl_AO_PI_19_11_15/22.2.jpg,Set_3_Ctrl_AO_PI_19_11_15/22.1.jpg,val
Set_3_Ctrl_AO_PI_19_11_15__23,Set_3_Ctrl_AO_PI_19_11_15,Set_3_Ctrl_AO_PI_19_11_15/23.0.jpg,Set_3_Ctrl_AO_PI_19_11_15/23.2.jpg,Set_3_Ctrl_AO_PI_19_11_15/23.1.jpg,val
Set_3_Ctrl_AO_PI_19_11_15__24,Set_3_Ctrl_AO_PI_19_11_15,Set_3_Ctrl_AO_PI_19_11_15/24.0.jpg,Set_3_Ctrl_AO_PI_19_11_15/24.2.jpg,Set_3_Ctrl_AO_PI_19_11_15/24.1.jpg,val
Set_3_Ctrl_AO_PI_19_11_15__25,Set_3_Ctrl_AO_PI_19_11_15,Set_3_Ctrl_AO_PI_19_11_15/25.0.jpg,Set_3_Ctrl_AO_PI_19_11_15/25.2.jpg,Set_3_Ctrl_AO_PI_19_11_15/25.1.jpg,val
Set_3_Ctrl_AO_PI_19_11_15__26,Set_3_Ctrl_AO_PI_19_11_15,Set_3_Ctrl_AO_PI_19_11_15/26.0.jpg,Set_3_Ctrl_AO_PI_19_11_15/26.2.jpg,Set_3_Ctrl_AO_PI_19_11_15/26.1.jpg,val
Set_3_Ctrl_AO_PI_19_11_15__27,Set_3_Ctrl_AO_PI_19_11_15,Set_3_Ctrl_AO_PI_19_11_15/27.0.jpg,Set_3_Ctrl_AO_PI_19_11_15/27.2.jpg,Set_3_Ctrl_AO_PI_19_11_15/27.1.jpg,val
Set_3_Ctrl_AO_PI_19_11_15__28,Set_3_Ctrl_AO_PI_19_11_15,Set_3_Ctrl_AO_PI_19_11_15/28.0.jpg,Set_3_Ctrl_AO_PI_19_11_15/28.2.jpg,Set_3_Ctrl_AO_PI_19_11_15/28.1.jpg,val
Set_3_Ctrl_AO_PI_19_11_15__29,Set_3_Ctrl_AO_PI_19_11_15,Set_3_Ctrl_AO_PI_19_11_15/29.0.jpg,Set_3_Ctrl_AO_PI_19_11_15/29.2.jpg,Set_3_Ctrl_AO_PI_19_11_15/29.1.jpg,val
Set_3_Ctrl_AO_PI_19_11_15__30,Set_3_Ctrl_AO_PI_19_11_15,Set_3_Ctrl_AO_PI_19_11_15/30.0.jpg,Set_3_Ctrl_AO_PI_19_11_15/30.2.jpg,Set_3_Ctrl_AO_PI_19_11_15/30.1.jpg,val
Set_4_Cam_DIO_PI_19_11_15__1,Set_4_Cam_DIO_PI_19_11_15,Set_4_Cam_DIO_PI_19_11_15/1.0.jpg,Set_4_Cam_DIO_PI_19_11_15/1.2.jpg,Set_4_Cam_DIO_PI_19_11_15/1.1.jpg,train
Set_4_Cam_DIO_PI_19_11_15__2,Set_4_Cam_DIO_PI_19_11_15,Set_4_Cam_DIO_PI_19_11_15/2.0.jpg,Set_4_Cam_DIO_PI_19_11_15/2.1.jpg,Set_4_Cam_DIO_PI_19_11_15/2.2.jpg,train
Set_4_Cam_DIO_PI_19_11_15__3,Set_4_Cam_DIO_PI_19_11_15,Set_4_Cam_DIO_PI_19_11_15/3.0.jpg,Set_4_Cam_DIO_PI_19_11_15/3.1.jpg,Set_4_Cam_DIO_PI_19_11_15/3.2.jpg,train
Set_4_Cam_DIO_PI_19_11_15__4,Set_4_Cam_DIO_PI_19_11_15,Set_4_Cam_DIO_PI_19_11_15/4.0.jpg,Set_4_Cam_DIO_PI_19_11_15/4.1.jpg,Set_4_Cam_DIO_PI_19_11_15/4.2.jpg,train
Set_4_Cam_DIO_PI_19_11_15__5,Set_4_Cam_DIO_PI_19_11_15,Set_4_Cam_DIO_PI_19_11_15/5.0.jpg,Set_4_Cam_DIO_PI_19_11_15/5.1.jpg,Set_4_Cam_DIO_PI_19_11_15/5.2.jpg,train
Set_4_Cam_DIO_PI_19_11_15__6,Set_4_Cam_DIO_PI_19_11_15,Set_4_Cam_DIO_PI_19_11_15/6.0.jpg,Set_4_Cam_DIO_PI_19_11_15/6.1.jpg,Set_4_Cam_DIO_PI_19_11_15/6.2.jpg,train
Set_4_Cam_DIO_PI_19_11_15__7,Set_4_Cam_DIO_PI_19_11_15,Set_4_Cam_DIO_PI_19_11_15/7.0.jpg,Set_4_Cam_DIO_PI_19_11_15/7.1.jpg,Set_4_Cam_DIO_PI_19_11_15/7.2.jpg,train
Set_4_Cam_DIO_PI_19_11_15__8,Set_4_Cam_DIO_PI_19_11_15,Set_4_Cam_DIO_PI_19_11_15/8.0.jpg,Set_4_Cam_DIO_PI_19_11_15/8.2.jpg,Set_4_Cam_DIO_PI_19_11_15/8.1.jpg,train
Set_4_Cam_DIO_PI_19_11_15__9,Set_4_Cam_DIO_PI_19_11_15,Set_4_Cam_DIO_PI_19_11_15/9.0.jpg,Set_4_Cam_DIO_PI_19_11_15/9.2.jpg,Set_4_Cam_DIO_PI_19_11_15/9.1.jpg,train
Set_4_Cam_DIO_PI_19_11_15__10,Set_4_Cam_DIO_PI_19_11_15,Set_4_Cam_DIO_PI_19_11_15/10.0.jpg,Set_4_Cam_DIO_PI_19_11_15/10.1.jpg,Set_4_Cam_DIO_PI_19_11_15/10.2.jpg,train
Set_4_Cam_DIO_PI_19_11_15__11,Set_4_Cam_DIO_PI_19_11_15,Set_4_Cam_DIO_PI_19_11_15/11.0.jpg,Set_4_Cam_DIO_PI_19_11_15/11.1.jpg,Set_4_Cam_DIO_PI_19_11_15/11.2.jpg,train
Set_4_Cam_DIO_PI_19_11_15__12,Set_4_Cam_DIO_PI_19_11_15,Set_4_Cam_DIO_PI_19_11_15/12.0.jpg,Set_4_Cam_DIO_PI_19_11_15/12.2.jpg,Set_4_Cam_DIO_PI_19_11_15/12.1.jpg,train
Set_4_Cam_DIO_PI_19_11_15__13,Set_4_Cam_DIO_PI_19_11_15,Set_4_Cam_DIO_PI_19_11_15/13.0.jpg,Set_4_Cam_DIO_PI_19_11_15/13.1.jpg,Set_4_Cam_DIO_PI_19_11_15/13.2.jpg,train
Set_4_Cam_DIO_PI_19_11_15__14,Set_4_Cam_DIO_PI_19_11_15,Set_4_Cam_DIO_PI_19_11_15/14.0.jpg,Set_4_Cam_DIO_PI_19_11_15/14.1.jpg,Set_4_Cam_DIO_PI_19_11_15/14.2.jpg,train
Set_4_Cam_DIO_PI_19_11_15__15,Set_4_Cam_DIO_PI_19_11_15,Set_4_Cam_DIO_PI_19_11_15/15.0.jpg,Set_4_Cam_DIO_PI_19_11_15/15.1.jpg,Set_4_Cam_DIO_PI_19_11_15/15.2.jpg,train
Set_4_Cam_DIO_PI_19_11_15__16,Set_4_Cam_DIO_PI_19_11_15,Set_4_Cam_DIO_PI_19_11_15/16.0.jpg,Set_4_Cam_DIO_PI_19_11_15/16.1.jpg,Set_4_Cam_DIO_PI_19_11_15/16.2.jpg,train
Set_4_Cam_DIO_PI_19_11_15__17,Set_4_Cam_DIO_PI_19_11_15,Set_4_Cam_DIO_PI_19_11_15/17.0.jpg,Set_4_Cam_DIO_PI_19_11_15/17.1.jpg,Set_4_Cam_DIO_PI_19_11_15/17.2.jpg,train
Set_4_Cam_DIO_PI_19_11_15__18,Set_4_Cam_DIO_PI_19_11_15,Set_4_Cam_DIO_PI_19_11_15/18.0.jpg,Set_4_Cam_DIO_PI_19_11_15/18.1.jpg,Set_4_Cam_DIO_PI_19_11_15/18.2.jpg,train
Set_4_Cam_DIO_PI_19_11_15__19,Set_4_Cam_DIO_PI_19_11_15,Set_4_Cam_DIO_PI_19_11_15/19.0.jpg,Set_4_Cam_DIO_PI_19_11_15/19.1.jpg,Set_4_Cam_DIO_PI_19_11_15/19.2.jpg,train
Set_4_Cam_DIO_PI_19_11_15__20,Set_4_Cam_DIO_PI_19_11_15,Set_4_Cam_DIO_PI_19_11_15/20.0.jpg,Set_4_Cam_DIO_PI_19_11_15/20.1.jpg,Set_4_Cam_DIO_PI_19_11_15/20.2.jpg,train
Set_4_Cam_DIO_PI_19_11_15__21,Set_4_Cam_DIO_PI_19_11_15,Set_4_Cam_DIO_PI_19_11_15/21.0.jpg,Set_4_Cam_DIO_PI_19_11_15/21.1.jpg,Set_4_Cam_DIO_PI_19_11_15/21.2.jpg,train
Set_4_Cam_DIO_PI_19_11_15__22,Set_4_Cam_DIO_PI_19_11_15,Set_4_Cam_DIO_PI_19_11_15/22.0.jpg,Set_4_Cam_DIO_PI_19_11_15/22.1.jpg,Set_4_Cam_DIO_PI_19_11_15/22.2.jpg,train
Set_4_Cam_DIO_PI_19_11_15__23,Set_4_Cam_DIO_PI_19_11_15,Set_4_Cam_DIO_PI_19_11_15/23.0.jpg,Set_4_Cam_DIO_PI_19_11_15/23.1.jpg,Set_4_Cam_DIO_PI_19_11_15/23.2.jpg,train
Set_4_Cam_DIO_PI_19_11_15__24,Set_4_Cam_DIO_PI_19_11_15,Set_4_Cam_DIO_PI_19_11_15/24.0.jpg,Set_4_Cam_DIO_PI_19_11_15/24.1.jpg,Set_4_Cam_DIO_PI_19_11_15/24.2.jpg,train
Set_4_Cam_DIO_PI_19_11_15__25,Set_4_Cam_DIO_PI_19_11_15,Set_4_Cam_DIO_PI_19_11_15/25.0.jpg,Set_4_Cam_DIO_PI_19_11_15/25.1.jpg,Set_4_Cam_DIO_PI_19_11_15/25.2.jpg,train
Set_4_Cam_DIO_PI_19_11_15__26,Set_4_Cam_DIO_PI_19_11_15,Set_4_Cam_DIO_PI_19_11_15/26.0.jpg,Set_4_Cam_DIO_PI_19_11_15/26.1.jpg,Set_4_Cam_DIO_PI_19_11_15/26.2.jpg,train
Set_4_Cam_DIO_PI_19_11_15__27,Set_4_Cam_DIO_PI_19_11_15,Set_4_Cam_DIO_PI_19_11_15/27.0.jpg,Set_4_Cam_DIO_PI_19_11_15/27.1.jpg,Set_4_Cam_DIO_PI_19_11_15/27.2.jpg,train
Set_4_Cam_DIO_PI_19_11_15__28,Set_4_Cam_DIO_PI_19_11_15,Set_4_Cam_DIO_PI_19_11_15/28.0.jpg,Set_4_Cam_DIO_PI_19_11_15/28.1.jpg,Set_4_Cam_DIO_PI_19_11_15/28.2.jpg,train
Set_4_Cam_DIO_PI_19_11_15__29,Set_4_Cam_DIO_PI_19_11_15,Set_4_Cam_DIO_PI_19_11_15/29.0.jpg,Set_4_Cam_DIO_PI_19_11_15/29.1.jpg,Set_4_Cam_DIO_PI_19_11_15/29.2.jpg,train
Set_4_Cam_DIO_PI_19_11_15__30,Set_4_Cam_DIO_PI_19_11_15,Set_4_Cam_DIO_PI_19_11_15/30.0.jpg,Set_4_Cam_DIO_PI_19_11_15/30.1.jpg,Set_4_Cam_DIO_PI_19_11_15/30.2.jpg,train
Set_4_Ctrl_DIO_PI_19_11_15__1,Set_4_Ctrl_DIO_PI_19_11_15,Set_4_Ctrl_DIO_PI_19_11_15/1.0.jpg,Set_4_Ctrl_DIO_PI_19_11_15/1.1.jpg,Set_4_Ctrl_DIO_PI_19_11_15/1.2.jpg,train
Set_4_Ctrl_DIO_PI_19_11_15__2,Set_4_Ctrl_DIO_PI_19_11_15,Set_4_Ctrl_DIO_PI_19_11_15/2.0.jpg,Set_4_Ctrl_DIO_PI_19_11_15/2.1.jpg,Set_4_Ctrl_DIO_PI_19_11_15/2.2.jpg,train
Set_4_Ctrl_DIO_PI_19_11_15__3,Set_4_Ctrl_DIO_PI_19_11_15,Set_4_Ctrl_DIO_PI_19_11_15/3.0.jpg,Set_4_Ctrl_DIO_PI_19_11_15/3.1.jpg,Set_4_Ctrl_DIO_PI_19_11_15/3.2.jpg,train
Set_4_Ctrl_DIO_PI_19_11_15__4,Set_4_Ctrl_DIO_PI_19_11_15,Set_4_Ctrl_DIO_PI_19_11_15/4.0.jpg,Set_4_Ctrl_DIO_PI_19_11_15/4.2.jpg,Set_4_Ctrl_DIO_PI_19_11_15/4.1.jpg,train
Set_4_Ctrl_DIO_PI_19_11_15__5,Set_4_Ctrl_DIO_PI_19_11_15,Set_4_Ctrl_DIO_PI_19_11_15/5.0.jpg,Set_4_Ctrl_DIO_PI_19_11_15/5.1.jpg,Set_4_Ctrl_DIO_PI_19_11_15/5.2.jpg,train
Set_4_Ctrl_DIO_PI_19_11_15__6,Set_4_Ctrl_DIO_PI_19_11_15,Set_4_Ctrl_DIO_PI_19_11_15/6.0.jpg,Set_4_Ctrl_DIO_PI_19_11_15/6.1.jpg,Set_4_Ctrl_DIO_PI_19_11_15/6.2.jpg,train
Set_4_Ctrl_DIO_PI_19_11_15__7,Set_4_Ctrl_DIO_PI_19_11_15,Set_4_Ctrl_DIO_PI_19_11_15/7.0.jpg,Set_4_Ctrl_DIO_PI_19_11_15/7.1.jpg,Set_4_Ctrl_DIO_PI_19_11_15/7.2.jpg,train
Set_4_Ctrl_DIO_PI_19_11_15__8,Set_4_Ctrl_DIO_PI_19_11_15,Set_4_Ctrl_DIO_PI_19_11_15/8.0.jpg,Set_4_Ctrl_DIO_PI_19_11_15/8.1.jpg,Set_4_Ctrl_DIO_PI_19_11_15/8.2.jpg,train
Set_4_Ctrl_DIO_PI_19_11_15__9,Set_4_Ctrl_DIO_PI_19_11_15,Set_4_Ctrl_DIO_PI_19_11_15/9.0.jpg,Set_4_Ctrl_DIO_PI_19_11_15/9.1.jpg,Set_4_Ctrl_DIO_PI_19_11_15/9.2.jpg,train
Set_4_Ctrl_DIO_PI_19_11_15__10,Set_4_Ctrl_DIO_PI_19_11_15,Set_4_Ctrl_DIO_PI_19_11_15/10.0.jpg,Set_4_Ctrl_DIO_PI_19_11_15/10.1.jpg,Set_4_Ctrl_DIO_PI_19_11_15/10.2.jpg,train
Set_4_Ctrl_DIO_PI_19_11_15__11,Set_4_Ctrl_DIO_PI_19_11_15,Set_4_Ctrl_DIO_PI_19_11_15/11.0.jpg,Set_4_Ctrl_DIO_PI_19_11_15/11.1.jpg,Set_4_Ctrl_DIO_PI_19_11_15/11.2.jpg,train
Set_4_Ctrl_DIO_PI_19_11_15__12,Set_4_Ctrl_DIO_PI_19_11_15,Set_4_Ctrl_DIO_PI_19_11_15/12.0.jpg,Set_4_Ctrl_DIO_PI_19_11_15/12.1.jpg,Set_4_Ctrl_DIO_PI_19_11_15/12.2.jpg,train
Set_4_Ctrl_DIO_PI_19_11_15__13,Set_4_Ctrl_DIO_PI_19_11_15,Set_4_Ctrl_DIO_PI_19_11_15/13.0.jpg,Set_4_Ctrl_DIO_PI_19_11_15/13.1.jpg,Set_4_Ctrl_DIO_PI_19_11_15/13.2.jpg,train
Set_4_Ctrl_DIO_PI_19_11_15__14,Set_4_Ctrl_DIO_PI_19_11_15,Set_4_Ctrl_DIO_PI_19_11_15/14.0.jpg,Set_4_Ctrl_DIO_PI_19_11_15/14.1.jpg,Set_4_Ctrl_DIO_PI_19_11_15/14.2.jpg,train
Set_4_Ctrl_DIO_PI_19_11_15__15,Set_4_Ctrl_DIO_PI_19_11_15,Set_4_Ctrl_DIO_PI_19_11_15/15.0.jpg,Set_4_Ctrl_DIO_PI_19_11_15/15.1.jpg,Set_4_Ctrl_DIO_PI_19_11_15/15.2.jpg,train
Set_4_Ctrl_DIO_PI_19_11_15__16,Set_4_Ctrl_DIO_PI_19_11_15,Set_4_Ctrl_DIO_PI_19_11_15/16.0.jpg,Set_4_Ctrl_DIO_PI_19_11_15/16.1.jpg,Set_4_Ctrl_DIO_PI_19_11_15/16.2.jpg,train
Set_4_Ctrl_DIO_PI_19_11_15__17,Set_4_Ctrl_DIO_PI_19_11_15,Set_4_Ctrl_DIO_PI_19_11_15/17.0.jpg,Set_4_Ctrl_DIO_PI_19_11_15/17.1.jpg,Set_4_Ctrl_DIO_PI_19_11_15/17.2.jpg,train
Set_4_Ctrl_DIO_PI_19_11_15__18,Set_4_Ctrl_DIO_PI_19_11_15,Set_4_Ctrl_DIO_PI_19_11_15/18.0.jpg,Set_4_Ctrl_DIO_PI_19_11_15/18.1.jpg,Set_4_Ctrl_DIO_PI_19_11_15/18.2.jpg,train
Set_4_Ctrl_DIO_PI_19_11_15__19,Set_4_Ctrl_DIO_PI_19_11_15,Set_4_Ctrl_DIO_PI_19_11_15/19.0.jpg,Set_4_Ctrl_DIO_PI_19_11_15/19.2.jpg,Set_4_Ctrl_DIO_PI_19_11_15/19.1.jpg,train
Set_4_Ctrl_DIO_PI_19_11_15__20,Set_4_Ctrl_DIO_PI_19_11_15,Set_4_Ctrl_DIO_PI_19_11_15/20.0.jpg,Set_4_Ctrl_DIO_PI_19_11_15/20.2.jpg,Set_4_Ctrl_DIO_PI_19_11_15/20.1.jpg,train
Set_4_Ctrl_DIO_PI_19_11_15__21,Set_4_Ctrl_DIO_PI_19_11_15,Set_4_Ctrl_DIO_PI_19_11_15/21.0.jpg,Set_4_Ctrl_DIO_PI_19_11_15/21.2.jpg,Set_4_Ctrl_DIO_PI_19_11_15/21.1.jpg,train
Set_4_Ctrl_DIO_PI_19_11_15__22,Set_4_Ctrl_DIO_PI_19_11_15,Set_4_Ctrl_DIO_PI_19_11_15/22.0.jpg,Set_4_Ctrl_DIO_PI_19_11_15/22.2.jpg,Set_4_Ctrl_DIO_PI_19_11_15/22.1.jpg,train
Set_4_Ctrl_DIO_PI_19_11_15__23,Set_4_Ctrl_DIO_PI_19_11_15,Set_4_Ctrl_DIO_PI_19_11_15/23.0.jpg,Set_4_Ctrl_DIO_PI_19_11_15/23.2.jpg,Set_4_Ctrl_DIO_PI_19_11_15/23.1.jpg,train
Set_4_Ctrl_DIO_PI_19_11_15__24,Set_4_Ctrl_DIO_PI_19_11_15,Set_4_Ctrl_DIO_PI_19_11_15/24.0.jpg,Set_4_Ctrl_DIO_PI_19_11_15/24.2.jpg,Set_4_Ctrl_DIO_PI_19_11_15/24.1.jpg,train
Set_4_Ctrl_DIO_PI_19_11_15__25,Set_4_Ctrl_DIO_PI_19_11_15,Set_4_Ctrl_DIO_PI_19_11_15/25.0.jpg,Set_4_Ctrl_DIO_PI_19_11_15/25.2.jpg,Set_4_Ctrl_DIO_PI_19_11_15/25.1.jpg,train
Set_4_Ctrl_DIO_PI_19_11_15__26,Set_4_Ctrl_DIO_PI_19_11_15,Set_4_Ctrl_DIO_PI_19_11_15/26.0.jpg,Set_4_Ctrl_DIO_PI_19_11_15/26.2.jpg,Set_4_Ctrl_DIO_PI_19_11_15/26.1.jpg,train
Set_4_Ctrl_DIO_PI_19_11_15__27,Set_4_Ctrl_DIO_PI_19_11_15,Set_4_Ctrl_DIO_PI_19_11_15/27.0.jpg,Set_4_Ctrl_DIO_PI_19_11_15/27.2.jpg,Set_4_Ctrl_DIO_PI_19_11_15/27.1.jpg,train
Set_4_Ctrl_DIO_PI_19_11_15__28,Set_4_Ctrl_DIO_PI_19_11_15,Set_4_Ctrl_DIO_PI_19_11_15/28.0.jpg,Set_4_Ctrl_DIO_PI_19_11_15/28.2.jpg,Set_4_Ctrl_DIO_PI_19_11_15/28.1.jpg,train
Set_4_Ctrl_DIO_PI_19_11_15__29,Set_4_Ctrl_DIO_PI_19_11_15,Set_4_Ctrl_DIO_PI_19_11_15/29.0.jpg,Set_4_Ctrl_DIO_PI_19_11_15/29.1.jpg,Set_4_Ctrl_DIO_PI_19_11_15/29.2.jpg,train
Set_4_Ctrl_DIO_PI_19_11_15__30,Set_4_Ctrl_DIO_PI_19_11_15,Set_4_Ctrl_DIO_PI_19_11_15/30.0.jpg,Set_4_Ctrl_DIO_PI_19_11_15/30.2.jpg,Set_4_Ctrl_DIO_PI_19_11_15/30.1.jpg,train
